{"plugins":{"cordova-plugin-geolocation":"C:\\Users\\Plant\\AppData\\Roaming\\npm\\node_modules\\cordova-simulate\\src\\plugins\\cordova-plugin-geolocation","exec":"C:\\Users\\Plant\\AppData\\Roaming\\npm\\node_modules\\cordova-simulate\\src\\plugins\\exec","events":"C:\\Users\\Plant\\AppData\\Roaming\\npm\\node_modules\\cordova-simulate\\src\\plugins\\events","cordova-plugin-device":"C:\\Users\\Plant\\AppData\\Roaming\\npm\\node_modules\\cordova-simulate\\src\\plugins\\cordova-plugin-device","android-platform-core":"C:\\Users\\Plant\\AppData\\Roaming\\npm\\node_modules\\cordova-simulate\\src\\platforms\\android"},"files":{"C:\\Users\\Plant\\AppData\\Roaming\\npm\\node_modules\\cordova-simulate\\src\\modules\\exception.js":499162500000,"C:\\Users\\Plant\\AppData\\Roaming\\npm\\node_modules\\cordova-simulate\\src\\app-host\\app-host.js":499162500000,"C:\\Users\\Plant\\AppData\\Roaming\\npm\\node_modules\\cordova-simulate\\src\\modules\\db.js":499162500000,"C:\\Users\\Plant\\AppData\\Roaming\\npm\\node_modules\\cordova-simulate\\src\\modules\\argscheck.js":499162500000,"C:\\Users\\Plant\\AppData\\Roaming\\npm\\node_modules\\cordova-simulate\\src\\modules\\telemetry-helper.js":499162500000,"C:\\Users\\Plant\\AppData\\Roaming\\npm\\node_modules\\cordova-simulate\\src\\modules\\messages.js":499162500000,"C:\\Users\\Plant\\AppData\\Roaming\\npm\\node_modules\\cordova-simulate\\src\\modules\\polyfills.js":499162500000,"C:\\Users\\Plant\\AppData\\Roaming\\npm\\node_modules\\cordova-simulate\\src\\modules\\xhr-proxy.js":499162500000,"C:\\Users\\Plant\\AppData\\Roaming\\npm\\node_modules\\cordova-simulate\\src\\modules\\event.js":499162500000,"C:\\Users\\Plant\\AppData\\Roaming\\npm\\node_modules\\cordova-simulate\\src\\modules\\utils.js":499162500000,"C:\\Users\\Plant\\AppData\\Roaming\\npm\\node_modules\\cordova-simulate\\src\\modules\\sim-constants.js":499162500000,"C:\\Users\\Plant\\AppData\\Roaming\\npm\\node_modules\\cordova-simulate\\src\\third-party\\jquery.min.js":499162500000,"C:\\Users\\Plant\\AppData\\Roaming\\npm\\node_modules\\cordova-simulate\\src\\third-party\\socket.io.js":499162500000,"C:\\Users\\Plant\\AppData\\Roaming\\npm\\node_modules\\cordova-simulate\\src\\third-party\\webcomponents.min.js":499162500000,"C:\\Users\\Plant\\AppData\\Roaming\\npm\\node_modules\\cordova-simulate\\src\\plugins\\cordova-plugin-geolocation\\app-host-clobbers.js":499162500000,"C:\\Users\\Plant\\AppData\\Roaming\\npm\\node_modules\\cordova-simulate\\src\\platforms\\android\\app-host-handlers.js":499162500000,"C:\\Users\\Plant\\AppData\\Roaming\\npm\\node_modules\\cordova-simulate\\src\\plugins\\events\\app-host.js":499162500000,"C:\\Users\\Plant\\AppData\\Roaming\\npm\\node_modules\\cordova-simulate\\src\\plugins\\cordova-plugin-device\\app-host.js":499162500000,"C:\\Users\\Plant\\AppData\\Roaming\\npm\\node_modules\\cordova-simulate\\src\\app-host\\live-reload-client.js":499162500000,"C:\\Users\\Plant\\AppData\\Roaming\\npm\\node_modules\\cordova-simulate\\src\\app-host\\touch-events.js":499162500000,"C:\\Users\\Plant\\AppData\\Roaming\\npm\\node_modules\\cordova-simulate\\src\\plugins\\cordova-plugin-geolocation\\Position.js":499162500000,"C:\\Users\\Plant\\AppData\\Roaming\\npm\\node_modules\\cordova-simulate\\src\\plugins\\cordova-plugin-geolocation\\PositionError.js":499162500000,"C:\\Users\\Plant\\AppData\\Roaming\\npm\\node_modules\\cordova-simulate\\node_modules\\url\\url.js":1440689626000,"C:\\Users\\Plant\\AppData\\Roaming\\npm\\node_modules\\cordova-simulate\\src\\plugins\\cordova-plugin-geolocation\\Coordinates.js":499162500000,"C:\\Users\\Plant\\AppData\\Roaming\\npm\\node_modules\\cordova-simulate\\node_modules\\punycode\\punycode.js":1458437195000,"C:\\Users\\Plant\\AppData\\Roaming\\npm\\node_modules\\cordova-simulate\\node_modules\\querystring-es3\\index.js":1413226718000,"C:\\Users\\Plant\\AppData\\Roaming\\npm\\node_modules\\cordova-simulate\\node_modules\\url\\util.js":1440689626000,"C:\\Users\\Plant\\AppData\\Roaming\\npm\\node_modules\\cordova-simulate\\node_modules\\querystring-es3\\decode.js":1413226718000,"C:\\Users\\Plant\\AppData\\Roaming\\npm\\node_modules\\cordova-simulate\\node_modules\\querystring-es3\\encode.js":1413226718000}}