{"plugins":{"cordova-plugin-geolocation":"C:\\Users\\Plant\\AppData\\Roaming\\npm\\node_modules\\cordova-simulate\\src\\plugins\\cordova-plugin-geolocation","exec":"C:\\Users\\Plant\\AppData\\Roaming\\npm\\node_modules\\cordova-simulate\\src\\plugins\\exec","events":"C:\\Users\\Plant\\AppData\\Roaming\\npm\\node_modules\\cordova-simulate\\src\\plugins\\events","cordova-plugin-device":"C:\\Users\\Plant\\AppData\\Roaming\\npm\\node_modules\\cordova-simulate\\src\\plugins\\cordova-plugin-device","android-platform-core":"C:\\Users\\Plant\\AppData\\Roaming\\npm\\node_modules\\cordova-simulate\\src\\platforms\\android"},"files":{"C:\\Users\\Plant\\AppData\\Roaming\\npm\\node_modules\\cordova-simulate\\src\\modules\\argscheck.js":499162500000,"C:\\Users\\Plant\\AppData\\Roaming\\npm\\node_modules\\cordova-simulate\\src\\modules\\exception.js":499162500000,"C:\\Users\\Plant\\AppData\\Roaming\\npm\\node_modules\\cordova-simulate\\src\\modules\\polyfills.js":499162500000,"C:\\Users\\Plant\\AppData\\Roaming\\npm\\node_modules\\cordova-simulate\\src\\modules\\event.js":499162500000,"C:\\Users\\Plant\\AppData\\Roaming\\npm\\node_modules\\cordova-simulate\\src\\modules\\messages.js":499162500000,"C:\\Users\\Plant\\AppData\\Roaming\\npm\\node_modules\\cordova-simulate\\src\\modules\\sim-constants.js":499162500000,"C:\\Users\\Plant\\AppData\\Roaming\\npm\\node_modules\\cordova-simulate\\src\\modules\\telemetry-helper.js":499162500000,"C:\\Users\\Plant\\AppData\\Roaming\\npm\\node_modules\\cordova-simulate\\src\\modules\\db.js":499162500000,"C:\\Users\\Plant\\AppData\\Roaming\\npm\\node_modules\\cordova-simulate\\src\\modules\\utils.js":499162500000,"C:\\Users\\Plant\\AppData\\Roaming\\npm\\node_modules\\cordova-simulate\\src\\modules\\xhr-proxy.js":499162500000,"C:\\Users\\Plant\\AppData\\Roaming\\npm\\node_modules\\cordova-simulate\\src\\third-party\\jquery.min.js":499162500000,"C:\\Users\\Plant\\AppData\\Roaming\\npm\\node_modules\\cordova-simulate\\src\\third-party\\webcomponents.min.js":499162500000,"C:\\Users\\Plant\\AppData\\Roaming\\npm\\node_modules\\cordova-simulate\\src\\modules\\sim-host\\sim-status.js":499162500000,"C:\\Users\\Plant\\AppData\\Roaming\\npm\\node_modules\\cordova-simulate\\src\\sim-host\\ui\\sim-host.js":499162500000,"C:\\Users\\Plant\\AppData\\Roaming\\npm\\node_modules\\cordova-simulate\\src\\plugins\\cordova-plugin-geolocation\\sim-host-handlers.js":499162500000,"C:\\Users\\Plant\\AppData\\Roaming\\npm\\node_modules\\cordova-simulate\\src\\plugins\\exec\\sim-host.js":499162500000,"C:\\Users\\Plant\\AppData\\Roaming\\npm\\node_modules\\cordova-simulate\\src\\modules\\sim-host\\dialog.js":499162500000,"C:\\Users\\Plant\\AppData\\Roaming\\npm\\node_modules\\cordova-simulate\\src\\plugins\\cordova-plugin-geolocation\\sim-host.js":499162500000,"C:\\Users\\Plant\\AppData\\Roaming\\npm\\node_modules\\cordova-simulate\\src\\third-party\\socket.io.js":499162500000,"C:\\Users\\Plant\\AppData\\Roaming\\npm\\node_modules\\cordova-simulate\\src\\plugins\\exec\\sim-host-handlers.js":499162500000,"C:\\Users\\Plant\\AppData\\Roaming\\npm\\node_modules\\cordova-simulate\\src\\plugins\\events\\sim-host.js":499162500000,"C:\\Users\\Plant\\AppData\\Roaming\\npm\\node_modules\\cordova-simulate\\src\\plugins\\cordova-plugin-device\\sim-host-handlers.js":499162500000,"C:\\Users\\Plant\\AppData\\Roaming\\npm\\node_modules\\cordova-simulate\\src\\platforms\\android\\sim-host-handlers.js":499162500000,"C:\\Users\\Plant\\AppData\\Roaming\\npm\\node_modules\\cordova-simulate\\src\\plugins\\cordova-plugin-device\\sim-host.js":499162500000,"C:\\Users\\Plant\\AppData\\Roaming\\npm\\node_modules\\cordova-simulate\\src\\plugins\\cordova-plugin-device\\device-model.js":499162500000,"C:\\Users\\Plant\\AppData\\Roaming\\npm\\node_modules\\cordova-simulate\\src\\sim-host\\ui\\custom-elements.js":499162500000,"C:\\Users\\Plant\\AppData\\Roaming\\npm\\node_modules\\cordova-simulate\\src\\sim-host\\protocol\\socket.js":499162500000,"C:\\Users\\Plant\\AppData\\Roaming\\npm\\node_modules\\cordova-simulate\\src\\plugins\\cordova-plugin-geolocation\\geo-model.js":499162500000,"C:\\Users\\Plant\\AppData\\Roaming\\npm\\node_modules\\cordova-simulate\\src\\plugins\\cordova-plugin-geolocation\\PositionError.js":499162500000,"C:\\Users\\Plant\\AppData\\Roaming\\npm\\node_modules\\cordova-simulate\\src\\plugins\\exec\\saved-sims.js":499162500000,"C:\\Users\\Plant\\AppData\\Roaming\\npm\\node_modules\\cordova-simulate\\src\\devices\\os-versions.json":499162500000}}